-- phpMyAdmin SQL Dump
-- version 4.1.12
-- http://www.phpmyadmin.net
--
-- Host: 127.0.0.1
-- Generation Time: 
-- Server version: 5.6.16
-- PHP Version: 5.5.11

SET SQL_MODE = "NO_AUTO_VALUE_ON_ZERO";
SET time_zone = "+00:00";


/*!40101 SET @OLD_CHARACTER_SET_CLIENT=@@CHARACTER_SET_CLIENT */;
/*!40101 SET @OLD_CHARACTER_SET_RESULTS=@@CHARACTER_SET_RESULTS */;
/*!40101 SET @OLD_COLLATION_CONNECTION=@@COLLATION_CONNECTION */;
/*!40101 SET NAMES utf8 */;

--
-- Database: `games`
--

-- --------------------------------------------------------

--
-- โครงสร้างตาราง `account`
--

CREATE TABLE IF NOT EXISTS `account` (
  `acc_id` int(11) NOT NULL AUTO_INCREMENT,
  `acc_username` varchar(20) NOT NULL,
  `acc_password` varchar(40) NOT NULL,
  PRIMARY KEY (`acc_id`),
  UNIQUE KEY `acc_useername` (`acc_username`)
) ENGINE=InnoDB  DEFAULT CHARSET=utf8 AUTO_INCREMENT=2 ;

--
-- dump ตาราง `account`
--

INSERT INTO `account` (`acc_id`, `acc_username`, `acc_password`) VALUES
(1, 'admin', '81dc9bdb52d04dc20036dbd8313ed055');

-- --------------------------------------------------------

--
-- โครงสร้างตาราง `children`
--

CREATE TABLE IF NOT EXISTS `children` (
  `ch_id` int(11) NOT NULL AUTO_INCREMENT,
  `ch_prename` bit(2) NOT NULL,
  `ch_name` varchar(30) NOT NULL,
  `ch_lastname` varchar(30) NOT NULL,
  `ch_nickname` varchar(20) NOT NULL,
  `ch_age` int(11) NOT NULL,
  PRIMARY KEY (`ch_id`)
) ENGINE=InnoDB  DEFAULT CHARSET=utf8 AUTO_INCREMENT=8 ;

--
-- dump ตาราง `children`
--

INSERT INTO `children` (`ch_id`, `ch_prename`, `ch_name`, `ch_lastname`, `ch_nickname`, `ch_age`) VALUES
(1, b'01', 'บุญมี', 'อิ่มบุญจัง', 'ต้นข้าว', 8),
(6, b'01', 'สมปอง', 'ปองปอง', 'กล้า', 11),
(7, b'10', 'สมฤดี', 'สุขสกาว', 'ฟ้า', 10);

-- --------------------------------------------------------

--
-- โครงสร้างตาราง `gameschoice`
--

CREATE TABLE IF NOT EXISTS `gameschoice` (
  `games_choice_id` int(11) NOT NULL AUTO_INCREMENT,
  `games_choice_topic` varchar(100) NOT NULL,
  `games_choice_detail` varchar(500) NOT NULL,
  `games_choice_pics` varchar(500) NOT NULL,
  `games_choice_bool` bit(2) NOT NULL,
  `games_choice_status` bit(2) NOT NULL,
  `longsound` int(11) NOT NULL,
  PRIMARY KEY (`games_choice_id`)
) ENGINE=InnoDB  DEFAULT CHARSET=utf8 AUTO_INCREMENT=91 ;

--
-- dump ตาราง `gameschoice`
--

INSERT INTO `gameschoice` (`games_choice_id`, `games_choice_topic`, `games_choice_detail`, `games_choice_pics`, `games_choice_bool`, `games_choice_status`, `longsound`) VALUES
(1, 'นก (Bird)', 'นกมีความคล้ายคลึงกับไอฟิสสัตว์เลื้อยคลานหลายประการ เช่น โครงสร้างของกระดูกและกล้ามเนื้อ เกล็ดที่ขา การออกลูกเป็นไข่ และการเจริญเติบโตของตัวอ่อน จึงเชื่อกันว่านกในปัจจุบันถือกำเนิดมาจากสัตว์เลื้อยคลาน', 'bird.png', b'01', b'01', 3),
(2, 'หมา (Dog)', 'เป็นสัตว์เลี้ยงลูกด้วยน้ำนมหลายชนิดหลายสกุลในวงศ์ Canidae ออกลูกเป็นตัว ลำตัวมีขนปกคลุม มีเขี้ยว 2 คู่ เท้าหน้ามี 5 นิ้ว เท้าหลังมี 4 นิ้ว ซ่อนเล็บไม่ได้ อวัยวะเพศของสุนัขตัวผู้มีกระดูกอยู่ภายใน 1 ชิ้น', 'dog.png', b'01', b'01', 4),
(3, 'ช้าง (Elephant)', 'สัตว์เลี้ยงลูกด้วยน้ำนมขนาดใหญ่ในวงศ์ Elephantidae โดยแบ่งเป็นสองสกุล ได้แก่ Elephas และ Loxodonta ช้างในปัจจุบันเหลือ 3 สปีชีส์ คือ ช้างแอฟริกา, ช้างป่าแอฟริกา และช้างเอเชีย (หรือที่รู้จักกันในชื่อ ช้างอินเดีย)', 'elephant.png', b'01', b'01', 8),
(4, 'ลิง (Monkey)', 'สัตว์ในไฟลัมสัตว์มีแกนสันหลัง ชั้นสัตว์เลี้ยงลูกด้วยนม จัดอยู่ในอันดับวานร (Primates) ลักษณะท่าทางคล้ายมนุษย์ ซึ่งจัดอยู่ในอันดับเดียวกัน เนื่องจากมีบรรพบุรุษร่วมกันมา ก่อนที่จะมีวิวัฒนาการแยกตัวออกจากกัน', 'monkey.png', b'01', b'01', 4),
(5, 'เหยี่ยว (Hawk)', 'เหยี่ยวมีลักษณะคล้ายกับอินทรี ซึ่งเป็นนกล่าเหยื่อเช่นเดียวกัน แต่เหยี่ยวมีขนาดเล็กกว่า คือมีจะงอยปากที่งองุ้ม มีกรงเล็บที่แหลมคมและแข็งแรง บินได้อย่างรวดเร็ว กางปีกได้กว้างและยาว สามารถบินหรือเหินได้สูง และมีสายตาที่ดีมาก ', 'hawk.png', b'01', b'01', 3),
(6, 'สิงโต (Lion)', 'จัดอยู่ในไฟลัมสัตว์มีกระดูกสันหลัง ชั้นสัตว์เลี้ยงลูกด้วยนม อยู่ในวงศ์ Felidae ซึ่งเป็นวงศ์เดียวกับแมว สิงโตมีชื่อวิทยาศาสตร์ว่า Panthera leo มีขนาดลำตัวใหญ่ ขนาดไล่เลี่ยกับเสือโคร่งทั่วไป', 'lion.png', b'01', b'01', 5),
(7, 'แกะ (Sheep)', 'สัตว์เคี้ยวเอื้อง กินอาหารประเภทพืชและหญ้าเป็นหลัก มีขนหนาฟู ออกลูกเป็นตัวและเลี้ยงลูกด้วยน้ำนม แกะบางพื้นที่กินดอกไม้และแมลงบางชนิด เช่น แกะภูเขา ส่วนใหญ่แกะจะอยู่รวมกันเป็นฝูงขนาดกลางจนถึงขนาดใหญ่', 'sheep.png', b'01', b'01', 3),
(8, 'ม้า (Horse)', 'กายวิภาคของม้าช่วยให้ม้าใช้ความเร็วในการหนีนักล่า และม้ายังพัฒนาความสมดุลได้อย่างยอดเยี่ยมและสัญชาตญาณสู้หรือถอยที่แข็งแกร่ง ม้ายังมีลักษณะพิเศษเพื่อใช้สำหรับหลบหลีกนักล่า คือ ม้าสามารถยืนหลับหรือล้มตัวลงนอนหลับก็ได้', 'horse.png', b'01', b'01', 3),
(9, 'กอริลล่า (Gorlilla)', 'กอริลล่าอยู่เป็นสังคม คือ เป็นฝูง แต่ทั้งฝูงจะมีจ่าฝูงเป็นตัวผู้ที่โตเต็มที่เพียงตัวเดียว กอริลลาตัวผู้ที่โตเต็มที่อาจมีความสูงกว่า 6 ฟุต (180 เซนติเมตร) เมื่อยืนตรงด้วยสองขาหลัง ร่างกายเต็มเปี่ยมด้วยกล้ามเนื้อที่มีความบึกบึนแข็งแรงมากกว่ามนุษย์ถึง 6 เท่า กอริลลาเมื่อตกใจหรือต้องการขู่ผู้รุกรานจะลุกขึ้นด้วยสองขาหลัง และทุบหน้าอกรัว ๆ ด้วยสองแขน พร้อมกับคำรามก้อง', 'gorlilla.png', b'01', b'01', 5),
(10, 'ผู้ชาย (Man)', 'มนุษย์เพศชาย ลักษณะเพศของมนุษย์ โดยสามารถแยกทางกายภาพ คือ มีอวัยวะเพศชาย เมื่อเติบโตมีลักษณะเป็นรูปร่างใหญ่กว่าผู้หญิง น้ำเสียงห้าว มีหนวดเครา', 'man.png', b'01', b'01', 2),
(11, 'ผู้หญิง (Woman)', 'มนุษย์เพศหญิง โดยมากมักใช้ในความหมายของผู้ใหญ่ แต่ก็มีความหมายถึงการระบุแยกแยะว่าเป็น มนุษย์เพศหญิง ไม่ว่าจะอายุเท่าไหร่', 'woman.png', b'01', b'01', 2),
(12, 'แซ็กโซโฟน (Saxophone)', 'เครื่องดนตรีในตระกูลเครื่องลมไม้ ใช้ลิ้นเดี่ยวเหมือนของคลาริเนต แม้ว่าตัวเครื่องมักจะทำด้วยโลหะแต่สุ้มเสียงก็กระเดียดมาทางเครื่องลมไม้ แซกโซโฟนจึงได้รับฉายาว่า  คลาริเนตทองเหลือง', 'saxophone.png', b'01', b'01', 3),
(13, 'แสนร์ (Snare)', 'กลองสะแนร์ เป็นเครื่องดนตรีประเภทเครื่องตีกระทบ(percussion) มี 2 หน้า ขึงด้วยหนังกลอง ลักษณะเฉพาะ คือ หน้ากลองด้านล่างจะต้องคาดไว้ด้วยสายสะแนร์เป็นแผงเพื่อให้กระทบกับหนังกลองด้านล่าง เกิดเสียงซ่าๆ เดิมสายสะแนร์ทำด้วยเอ็นสัตว์ ในปัจจุบันสายสะแนร์มีทั้งที่ทำด้วยไนล่อนและทำด้วยเส้นลวดโลหะ อีกชื่อหนึ่งของกลองสะแนร์คือ Side drum', 'snare.png', b'01', b'01', 3),
(14, 'จิงโจ้ (Kangaroo)', 'จัดอยู่ในไฟลัมสัตว์มีแกนสันหลัง ชั้นสัตว์เลี้ยงลูกด้วยนมประเภทสัตว์มีกระเป๋าหน้าท้องในตัวเมียสำหรับแพร่ขยายพันธุ์และเป็นที่อยู่อาศัยของลูกอ่อน นับเป็นสัตว์ในประเภทนี้ที่มีขนาดใหญ่ และเป็นสัตว์ประจำท้องถิ่นของออสเตรเลีย', 'kangaroo.png', b'01', b'01', 2),
(15, 'มด (Ant)', 'เป็นสัตว์ในวงศ์ Formicidae อันดับ Hymenoptera มีจำนวนชนิดมากกว่า 12,000 ชนิด โดยพบมากในเขตร้อนของโลก มดมีการสร้างรังเป็นอาณาจักรขนาดใหญ่ บางรังมีจำนวนประชากรมากถึงล้านตัว ', 'ant.png', b'01', b'01', 6),
(16, 'กระต่าย (Rabbit)', 'กระต่ายแม้จะมีฟันแทะเหมือนกับสัตว์ฟันแทะ (Rodentia) แต่ถูกจัดออกมาเป็นอันดับต่างหาก เนื่องมีจำนวนฟันที่ไม่เท่ากัน เพราะกระต่ายมีฟันแทะที่ขากรรไกรบน 2 แถว เรียงซ้อนกันแถวละ 2 ซี่ ฟันกรามบนข้างละ 6 ซี่ และฟันกรามล่างข้างละ 5 ซี่ เมื่อเวลาเคี้ยวอาหาร กระต่ายจะใช้ฟันทั้ง 2 ด้านเคี้ยวสลับกันไป ต่างจากสัตว์ฟันแทะโดยทั่วไปที่เคี้ยวเคลื่อนหน้าเคลื่อนหลัง', 'rabbit.png', b'01', b'01', 6),
(17, 'กวาง (Deer)', 'มีลักษณะขนยาวหยาบสีน้ำตาล ตัวผู้มีเขาเป็นแขนง ผลัดเขาปีละครั้ง ตัวเมียมีขนาดเล็กกว่าและไม่มีเขา ลักษณะเขาตัน ไม่กลวง เป็นเกลียว บางชนิดอาจแตกแขนงได้มากเหมือนกิ่งไม้ ไม่มีถุงน้ำดี ชอบอยู่ตามลำพังตัวเดียวยกเว้นฤดูผสมพันธุ์ กินใบไม้อ่อน หญ้าอ่อน', 'deer.png', b'01', b'01', 3),
(18, 'อูฐ (Camel)', 'สัตว์ที่มีความอดทนสูง สามารถอาศัยอยู่ได้โดยไม่ต้องกินอาหารหรือน้ำเลย 2 สัปดาห์ เพราะมีไขมันสะสมไว้ในหนอกและร่างกายเก็บรักษาน้ำได้เป็นอย่างดี จึงสามารถอยู่ในที่ทุรกันดารเช่นทะเลทรายได้เป็นอย่างดี กินอาหารประเภทใบไม้ในทะเลทราย', 'camel.png', b'01', b'01', 3),
(19, 'ค้างคาว (Bat)', 'จัดอยู่ในชั้นสัตว์เลี้ยงลูกด้วยนม มีลำตัวขนาดเล็กมีปีกบินได้ ค้างคาวเป็นอันดับใหญ่ที่สุดเป็นอันดับสองของสัตว์เลี้ยงลูกด้วยนม โดยมีค้างคาวกว่า 1,100 สปีชีส์ หมายความว่า กว่า 20% ของสัตว์เลี้ยงลูกด้วยนมเป็นค้างคาว', 'bat.png', b'01', b'01', 3),
(20, 'ไวโอลิน (Violin)', 'เป็นเครื่องดนตรีที่ทำให้เกิดเสียงระดับเสียงสูงในกลุ่มเครื่องดนตรีคลาสสิกประเภทเครื่องสาย (String instruments) ซึ่งมีต้นกำเนิดมาจากโลกตะวันตก เป็นเครื่องดนตรีตระกูลไวโอลินที่เล็กที่สุด', 'violin.png', b'01', b'01', 3),
(21, 'ชะนี (Gibbon)', 'จัดอยู่ในไฟลัมสัตว์มีแกนสันหลัง ชั้นสัตว์เลี้ยงลูกด้วยนม อันดับวานร (Primates) เป็นลิงไม่มีหาง ซึ่งชะนีถูกจัดให้อยู่ในวงศ์ Hylobatidae และถูกจัดให้เป็น 1 ใน 4 ลิงที่มีความใกล้เคียงกับมนุษย์มากที่สุด', 'gibbon.png', b'01', b'01', 5),
(22, 'งู (Snake)', 'เป็นสัตว์เลื้อยคลานอันดับหนึ่ง ไม่มีขา ไม่มีเปลือกตา มีเกล็ดปกคลุมผิวหนังทั่วทั้งลำตัว ลักษณะลำตัวยาวซึ่งโดยขนาดของความยาวนั้น จะขึ้นอยู่กับชนิดของงู ปราดเปรียวและว่องไวในการเคลื่อนที่ มีลิ้นสองแฉกเพื่อใช้สำหรับรับความรู้สึกทางกลิ่น ', 'snake.png', b'01', b'01', 3),
(23, 'หมี (Bear)', 'จัดอยู่ในไฟลัมสัตว์มีแกนสันหลัง ชั้นสัตว์เลี้ยงลูกด้วยนม อันดับสัตว์กินเนื้อ จัดอยู่ในวงศ์ Ursidae ออกลูกเป็นตัว ตาและใบหูกลมเล็ก ริมฝีปากยื่นแยกห่างออกจากเหงือก สามารถยืนและเดินด้วยขาหลังได้ ประสาทการดมกลิ่นดีกว่าประสาทตาและหู กินได้ทั้งพืชและสัตว์เป็นอาหาร', 'bear.png', b'01', b'01', 4),
(24, 'กระรอก (Squirrel)', 'เป็นสัตว์เลี้ยงลูกด้วยนม มีขนาดลำตัวเล็ก ขนปุยปกคลุมทั่วทั้งร่างกาย นัยน์ตากลมดำ หางเป็นพวงฟู จัดอยู่ในประเภทสัตว์ฟันแทะ ', 'squirrel.png', b'01', b'01', 2),
(25, 'ผึ้ง (Bee)', 'จัดอยู่ในประเภทสัตว์ไม่มีกระดูกสันหลัง ไฟลัมอาร์โธรพอด จัดเป็นแมลงชนิดหนึ่งอาศัยรวมกันอยู่เป็นฝูง โดยส่วนใหญ่จะออกหาอาหารเป็นน้ำหวานจากเกสรของดอกไม้ ซึ่งเป็นประโยชน์ต่อพืชในการผสมพันธุ์ ผึ้งทำงานกันเป็นระบบ มีผึ้งนางพญาเป็นหัวหน้าใหญ่', 'bee.png', b'01', b'01', 4),
(26, 'ไก่ (Chicken)', 'ไก่อยู่ในประเภทสัตว์ปีกจำพวกนก ชื่อวิทยาศาสตร์ Gallus gallus มีหลายวงศ์ บินได้ในระยะสั้น หากินตามพื้นดิน ตกไข่ก่อนแล้วจึงฟักเป็นตัว ตัวผู้หงอนใหญ่และเดือยยาว', 'chicken.png', b'01', b'01', 3),
(27, 'หนู (Rat)', 'เป็นสกุลของสัตว์ฟันแทะ ที่อยู่ในวงศ์ Muridae ใช้ชื่อสกุลว่า Rattus มีการกระจายพันธุ์อยู่ในซีกโลกที่เรียกว่า โลกเก่า', 'rat.png', b'01', b'01', 5),
(28, 'แมว (Cat)', ' เป็นสัตว์เลี้ยงลูกด้วยน้ำนม อยู่ในตระกูล Felidae ซึ่งเป็นตระกูลเดียวกับสิงโตและเสือดาว ต้นตระกูลแมวมาจากเสือไซบีเรีย (Felis tigris altaica) ซึ่งมีช่วงลำตัวตั้งแต่จมูกถึงปลายหางยาวประมาณ 4 เมตร ', 'cat.png', b'01', b'01', 5),
(29, 'หมู (Pig)', 'สุกรหรือหมู เป็นสัตว์เลี้ยงขนาดใหญ่ ซึ่งมีบรรพบุรุษ คือ หมูป่า สามารถจำแนกเป็นสปีชีส์ย่อยของหมูป่าหรือเป็นอีกสปีชีส์หนึ่งแยกต่างหาก หัวและความยาวลำตัวอยู่ระหว่าง 0.9 ถึง 1.8 เมตร ตัวโตเต็มวัยหนักระหว่าง 50 ถึง 350 กิโลกรัม สุกรแม้จะเป็นสัตว์กีบคู่ซึ่งมักกินพืชเป็นอาหาร แต่กินได้ทั้งพืชและสัตว์เป็นอาหารเหมือนกับบรรพบุรุษหมูป่า สุกรมีวิวัฒนาการกระเพาะอาหารใหญ่ขึ้นและลำไส้ยาวขึ้นเพราะพืชย่อยได้ยากกว่าเนื้อ', 'pig.png', b'01', b'01', 6),
(30, 'วัว (Cow)', 'วัวถูกเลี้ยงเป็นปศุสัตว์เพื่อเอาเนื้อ เพื่อเอานมและผลิตภัณฑ์นมอื่น ๆ และเป็นสัตว์ลากเทียม ผลิตภัณฑ์อื่นจากวัวมีหนังและมูลเพื่อใช้เป็นปุ๋ยคอกหรือเชื้อเพลิง ในบางประเทศ เช่น อินเดีย วัวเป็นสัตว์ศักดิ์สิทธิ์ จากบรรพบุรุษวัวที่เป็นสัตว์เลี้ยงเพียง 80 ตัว', 'cow.png', b'01', b'01', 3),
(31, 'เป็ด (Duck)', 'เป็ด เป็นสัตว์ปีก ปากแบน ตีนแบน ระหว่างนิ้วมีพังผืดยึดติดกันเพื่อสะดวกในการว่ายน้ำ ตัวมีหลายสี เช่น น้ำตาล ขาว เขียว ชมพู ม่วง ขนาดเล็กกว่าห่าน ว่ายน้ำเก่ง กินปลา พืชน้ำและสัตว์เล็กๆ มีต้นตระกูลมาจากเป็ดมัลลาร์ด', 'duck.png', b'01', b'01', 3),
(32, 'นกเค้าแมว (Owl)', 'นกเค้าแมว หรือ นกฮูก มีรูปใบหน้าคล้ายแมว อันเป็นที่มาของชื่อสามัญ จับสัตว์เล็ก ๆ กินเป็นอาหาร เช่น หนู, งู หรือสัตว์เลื้อยคลานหรือสัตว์ครึ่งบกครึ่งน้ำเล็ก ๆ ในขณะที่บางชนิดที่มีขนาดใหญ่อาจจับปลา หรือปูกินได้ด้วย ', 'owl.png', b'01', b'01', 4),
(33, 'กบ (Frog)', 'กบในระยะวัยอ่อนจะมีลักษณะแตกต่างไปจากตัวเต็มวัยอย่างชัดเจน เรียกว่า ลูกอ๊อด  โดยมีรูปร่างคล้ายปลา มีส่วนหัวที่โตมาก มีหาง ไม่มีฟัน โดยในส่วนโครงสร้างของจะงอยปากเป็นสารประกอบเคอราติน หายใจด้วยเหงือกเหมือนซาลาแมนเดอร์ พฤติกรรมการกินอาหารของลูกอ๊อดจะแตกต่างกันไป โดยอาจจะกินแบบกรองกิน หรือกินพืช และกินสัตว์ เมื่อเปลี่ยนรูปร่างเป็นตัวเต็มวัยจึงเปลี่ยนลักษณะการกิน รวมทั้งเปลี่ยนสภาพโครงสร้างของอวัยวะระบบย่อยอาหารรวมทั้งระบบอวัยวะอย่างอื่น ซึ่งการเปลี่ยนรูปร่างของกบนั้นจะต่างจากซาลาแมนเดอร์เป็นอย่างม', 'frog.png', b'01', b'01', 7),
(34, 'จิ้งหรีด (Cricket)', 'จิ้งหรีดถือเป็นแมลงที่มีขนาดลำตัวปานกลางเมื่อเทียบกับแมลงโดยทั่วไป มีปีก 2 คู่ คู่หน้าเนื้อปีกหนากว่าคู่หลัง ปีกเมื่อพับจะหักเป็นมุมที่ด้านข้างของลำตัว ปีกคู่หลังบางพับได้แบบพัดสอดเข้าไปอยู่ใต้ปีกคู่หน้า ปากเป็นชนิดกัดกิน หัวกับอกมีขนาดกว้างไล่เลี่ยกัน ขาคู่หลังใหญ่และแข็งแรงใช้สำหรับกระโดด', 'cricket.png', b'01', b'01', 4),
(35, 'จะเข้', 'จะเข้ เป็นเครื่องดนตรีไทยประเภทเครื่องดีด มี 3 สาย เข้าใจว่าได้ปรับปรุงแก้ไขมาจากพิณ คือ กระจับปี่ซึ่งมี 4 สาย นำมาวางดีดกับพื้นเพื่อความสะดวก มีประวัติและมีหลักฐานครั้งแรกในสมัยกรุงศรีอยุธยา จะเข้ได้นำเข้าร่วมบรรเลงอยู่ในวงมโหรีคู่กับกระจับปี่ในสมัยรัชกาลที่ 2 แห่งกรุงรัตนโกสินทร์ มีผู้นิยมเล่นจะเข้กันมาก ทำให้กระจับปี่ค่อย ๆ หายไปในปัจจุบัน เนื่องจากหาผู้เล่นเป็นน้อย', 'jake.png', b'01', b'01', 5),
(36, 'กีตาร์ (Guitar)', 'กีตาร์  เป็นเครื่องดนตรีชนิดหนึ่ง จัดเป็นพวกเครื่องสาย มักจะเล่นด้วยนิ้วมือซ้าย และดีดด้วยนิ้วมือขวาหรือใช้ปิ๊กดีดกีตาร์ เสียงของกีตาร์นั้นเกิดจากการสั่นสะเทือนของสาย', 'guitar.png', b'01', b'01', 2),
(37, 'ซออู้', 'ซออู้มีรูปร่างคล้ายๆกับซอของจีน เหตุที่เรียกว่าซออู้ก็เพราะ เรียกตามเสียงที่ได้ยินนั่นเอง ซอด้วงและซออู้ ได้เข้ามามีบทบาทในวงดนตรีเครื่องสายตั้งแต่ปลายรัชกาลที่ 4 นี่เอง โดยได้ดัดแปลงมาจาก วงกลองแขกเครื่องใหญ่ ซึ่งมีเครื่องดนตรีที่ทำลำนำประกอบด้วย ซอด้วง ซออู้ จะเข้ และ ปี่อ้อ ', 'sorooh.png', b'01', b'01', 4),
(38, 'ทรัมเป็ต (Trumpet)', 'ทรัมเป็ต ทรัมเป็ตมีวิวัฒนาการมายาวนานตั้งแต่สมัยโบราณ โดยเริ่มจากแตรสัญญาณที่ใช้ในการล่าสัตว์หรือในทางทหาร แต่แตรลักษณะนั้นโดยมากจะไม่มีปุ่มกดเพื่อเปลี่ยนระดับเสียง ทำให้ไม่สามารถสร้างระดับเสียงที่แตกต่างกันได้มากนัก จนกระทั่งมีการคิดประดิษฐ์ปุ่มกดและกลไกต่างๆเข้าไปภายหลัง', 'trumpet.png', b'01', b'01', 5),
(39, 'ทูบา (Tuba)', 'ทูบา เป็นเครื่องดนตรีตระกูล แซ็กฮอร์น ทูบามีท่อลมขนาดใหญ่ และมีความยาวตั้งแต่ 9 ,12,14,16 และ 18 ฟุต แล้วแต่ขนาด มีช่วงเสียงกว้าง 3 ออคเทฟ เศษ ๆ ท่อลมเป็นทรงกรวย เช่นเดียวกับฮอร์น', 'tuba.png', b'01', b'01', 3),
(40, 'ปี่', 'ปี่ เป็นเครื่องดนตรีไทย ทำด้วยไม้จริงเช่นไม้ชิงชันหรือไม้พยุง กลึงให้เป็นรูปบานหัวบานท้าย ตรงกลางป่อง เจาะภายในให้กลวงตลอดเลา ทางหัวของปี่เป็นช่องรูเล็กส่วนทาง ปลายของปี่ ปากรูใหญ่ใช้ชันหรือวัสดุอย่างอื่นมาหล่อเสริมขึ้นอีกราวข้างละ ครึ่งซม ส่วนหัวเรียก ทวนบน ส่วนท้ายเรียก ทวนล่าง ตอนกลางของปี่ เจาะรูนิ้วสำหรับเปลี่ยนเสียงลง', 'pee.png', b'01', b'01', 5),
(41, 'เปียโน (Piano)', 'เปียโน เป็นเครื่องดนตรีขนาดใหญ่ที่สร้างเสียงเมื่อคีย์ถูกกดและกลไกภายในเครื่องตีสาย  ในฐานะเครื่องสาย เปียโนมีความคล้ายคลึงกับคลาวิคอร์ด', 'piano.png', b'01', b'01', 5),
(42, 'ตู้เย็น', 'ตู้เย็น เป็นเครื่องใช้ไฟฟ้าที่ทำความเย็นโดยประกอบด้วยสองส่วนหลัก ๆ คือ ส่วนฉนวนป้องกันความร้อน (ป้องกันไม่ให้ความร้อนไหลเข้ามา) และ ส่วนทำความเย็น (ปั๊มที่นำความร้อนออกไปสู่ภายนอกซึ่งมีอุณหภูมิต่ำกว่า) คนส่วนใหญ่ใช้ตู้เย็นเก็บอาหาร เพื่อป้องกันการเน่าเสีย เนื่องจากแบคทีเรียเติบโตช้ากว่าในอุณหภูมิต่ำ ', 'freeze.png', b'01', b'01', 4),
(43, 'กล่องดินสอ', 'กล่องดินสอ คือกล่องที่ทำมาจากพลาสติก จัดทำขึ้นเพื่อใช้สำหรับการใช้อุปรกรณ์เครื่องเขียน เช่น ดินสอ ปากกา ยางลบ', 'pencilbox.png', b'01', b'01', 4),
(44, 'เก้าอี้ (Chair)', 'เก้าอี้ คือที่นั่งประเภทหนึ่ง โดยมักจะเป็นที่นั่งสำหรับคนเดียว โดยในส่วนที่นั่งจะอยู่เหนือจากระดับพื้น มีขาเก้าอี้ 4 ขารองรับข้างใต้ ส่วนเก้าอี้ที่นั่งได้มากกว่า 1 คน อาจเรียกว่าโซฟา', 'chair.png', b'01', b'01', 3),
(45, 'คอมพิวเตอร์ (Computer)', 'คอมพิวเตอร์ ถูกประดิษฐ์ออกมาให้ประกอบไปด้วยความจำรูปแบบต่าง ๆ เพื่อเก็บข้อมูล อย่างน้อยหนึ่งส่วนที่มีหน้าที่ดำเนินการคำนวณเกี่ยวกับตัวดำเนินการทางตรรกศาสตร์ และตัวดำเนินการทางคณิตศาสตร์ และส่วนควบคุมที่ใช้เปลี่ยนแปลงลำดับของตัวดำเนินการโดยยึดสารสนเทศที่ถูกเก็บไว้เป็นหลัก ', 'computer.png', b'01', b'01', 4),
(46, 'หู (Ear)', 'หู เป็นอวัยวะของสัตว์ที่ใช้การดักคลื่นเสียง เป็นส่วนหนึ่งของระบบประสาทการได้ยิน สัตว์แต่ละประเภทจะมีตำแหน่งหูที่แตกต่างกันออกไป', 'ear.png', b'01', b'01', 2),
(47, 'ตา (Eye)', 'ตา คือส่วนรับแสงสะท้อนของร่างกาย ทำให้สามารถมองเห็น และรับรู้สิ่งต่างๆ รอบตัวได้ ตาของสัตว์ต่างๆ มีรูปแบบที่ต่างกันออกไป ไม่ว่าจะเป็นตาของ สัตว์เลี้ยงลูกด้วยนม, สัตว์ปีก, สัตว์เลื้อยคลาน และสัตว์น้ำ โดยดวงตาของสัตว์ที่พัฒนาแล้ว มักจะมีเพียง 2 ดวง และ อยู่ด้านหน้าของใบหน้า เพื่อการมองเห็นแบบ 3 มิติ', 'eye.png', b'01', b'01', 4),
(48, 'ชาวนา (Farmer)', 'ชาวนา คือบุคคลผู้ประกอบอาชีพทางเกษตรกรรม ในประเทศไทยมักมีความหมายถึงผู้มีอาชีพปลูกข้าวเป็นหลัก ชาวนาในประเทศไทยนับว่าเป็นคนกลุ่มใหญ่ที่สุด เพราะข้าวเป็นอาหาร หลักของคนไทย อาชีพทำนาเป็นอาชีพดั้งเดิมของคนไทย ที่สืบทอดมายังอนุชนรุ่นหลัง โดยส่วนใหญ่แล้วชาวนาจะใช้ชีวิตอยู่โดยสงบเงียบในชนบท', 'farmer.png', b'01', b'01', 4),
(49, 'มือ (Hand)', 'มือ  คืออวัยวะส่วนหนึ่งของร่างกายอยู่ต่อแขน สำหรับจับ หยิบ สิ่งของต่างๆ', 'hand.png', b'01', b'01', 1),
(50, 'เตาอบ (Microwave)', 'เตาอบไมโครเวฟ ให้ความร้อนกับอาหารโดยการ แผ่คลื่นย่านความถี่ไมโครเวฟ ผ่านเข้าไปในอาหาร. โมเลกุลของน้ำ ไขมัน และ น้ำตาล ที่อยู่ในอาหารจะดูดซับพลังงานของคลื่นที่ผ่านเข้าไปและเกิดเป็นความร้อนขึ้น', 'microwave.png', b'01', b'01', 3),
(51, 'พระ (Monk)', 'นักบวชในศาสนาใด ๆ แต่เมื่อจำเพาะเจาะจงในแต่ละศาสนา จะเรียกแตกต่างกัน', 'monk.png', b'01', b'01', 1),
(52, 'ปาก (Mount)', 'ปาก เป็นอวัยวะของสิ่งมีชีวิต โดยทั่วไปใช้กินอาหารและดื่มน้ำ เป็นจุดเริ่มต้นของระบบย่อยอาหาร', 'mount.png', b'01', b'01', 1),
(53, 'นักดนตรี (Musocian)', 'นักดนตรี หมายถึง ผู้ที่มีความสามารถทางด้านดนตรี โดยไม่คำนึงถึงว่าเขาจะมีดีในด้านใด พวกเขามีความรักในเสียงดนตรี', 'musician.png', b'01', b'01', 2),
(54, 'กระทะ ', 'กระทะ เป็นอุปกรณหลักชิ้นหนึ่งในครัว ไว้สำหรับทอด, ย่าง, และปรุงอาหาร โดยทั่วไปมีขนาดเส้นผ่านศูนย์กลางตั้งแต่ 20 ถึง 30 ซม. กระทะจะมีแอ่งเรียบตรงกลาง และมีขอบขึ้นมาเป็นวงกลม โดยปกติจะไม่มีฝา', 'pan.png', b'01', b'01', 3),
(55, 'ดินสอ (Pencil)', 'ดินสอสร้างรอยโดยการขีดเขียน ทิ้งรอยวัสดุเนื้อดินสอแข็ง ๆ ติดกับกระดาษ หรือพื้นผิวอื่น ๆ ไว้ ดินสอแตกต่างจากปากกา ที่จะกระจายรอยของของเหลวหรือหมึกเจลติดลงบนกระดาษที่มีสีอ่อนกว่า', 'pencil.png', b'01', b'01', 3),
(56, 'เสื้อ ', 'เสื้อเป็นเครื่องสวมกายท่อนบน คือ เครื่องนุ่งห่มร่างกายมนุษย์ตั้งแต่คอถึงสะโพก แต่บางทีอาจสั้นเพียงกลางลำตัว หรืออาจยาวถึงเข่าก็ได้', 'shirth.png', b'01', b'01', 2),
(57, 'รองเท้า', 'รองเท้า เป็นเครื่องใช้ที่มนุษย์นำมาใช้กับเท้า เพื่อป้องกันอันตรายอันเกิดจากการสัมผัสกับพื้นผิวต่างๆ หรือการเจ็บเท้าจากการเดินหรือ การวิ่ง รองเท้ามีหลายประเภทตามวัสดุและประโยชน์การใช้งาน ในปัจจุบันรองเท้าจัดเป็นเครื่องแต่งกายที่มีความหลากหลายตามสมัยนิยม ', 'shoes.png', b'01', b'01', 2),
(58, 'นักร้อง', 'xxxxxxxxxxxxxxxxxxxxxxxxxxx', 'singer.png', b'01', b'01', 3),
(59, 'ทหาร', 'xxxxxxxxxxxxxx', 'soldier.png', b'01', b'01', 5),
(60, 'ลำโพง', 'xxxxxxxxxx', 'speaker.png', b'01', b'01', 5),
(61, 'แท็บเล็ท', 'xxxxxxxxxxxx', 'tablet.png', b'01', b'01', 5),
(62, 'ทีวี', 'xxxxxxxxxxx', 'tv.png', b'01', b'01', 5),
(63, 'ไมโครโฟน', 'xxxxxxxxxxxx', 'microphone.png', b'01', b'01', 5),
(64, 'ไม้กวาด', 'xxxxxxxxxx', 'broom.png', b'01', b'01', 5),
(65, 'จักรยาน', 'zxxxxxxxxx', 'bike.png', b'01', b'01', 5),
(66, 'พัดลม ', 'xxxxxx', 'fan.png', b'01', b'01', 1),
(67, 'ไฟฉาย', 'xxxxxxxx', 'torch.png', b'01', b'01', 5),
(68, 'กระเป๋า', 'xxxxxxxxx', 'bag.png', b'01', b'01', 5),
(69, 'หนังสือ', 'xxxxxx', 'book.png', b'01', b'01', 5),
(70, 'นางพยาบาล', 'xxxxxxxxx', 'nurse.png', b'01', b'01', 5),
(71, 'soldier', 'xxxxxxxxxxxxxx', 'soldier.png', b'01', b'01', 1),
(72, 'doctor', 'xxxxxxxxxx', 'doctor.png', b'01', b'01', 1),
(73, 'student', 'xxxxxxxxx', 'student.png', b'01', b'01', 1),
(74, 'นักว่ายน้ำ', 'xxxxx', 'swimmer.jpg', b'01', b'01', 1),
(75, 'football', 'xxx', 'footballer.png', b'01', b'01', 1),
(76, 'boxing', 'xxxxxxx', 'boxing.png', b'01', b'01', 1),
(77, 'teacher', 'xxxxxxxxxx', 'teacher.png', b'01', b'01', 5),
(78, 'airport', 'xxxxxxxxx', 'airport.png', b'01', b'01', 1),
(79, 'balloon', 'xxxx', 'balloon.png', b'01', b'01', 1),
(80, 'bikecycle', 'xxxxxx', 'bikecycle.png', b'01', b'01', 1),
(81, 'boatunder', 'xxxxxxxxxxx', 'boatunder.jpg', b'01', b'01', 1),
(82, 'boatwar', 'xxxxxxxxxxx', 'boatwar.png', b'01', b'01', 1),
(83, 'car', 'xxxxxxxx', 'car.png', b'01', b'01', 1),
(84, 'car10', 'xxxxxxxxxx', 'car10.png', b'01', b'01', 1),
(85, 'crain', 'xxxxxxxxxxxx', 'crain.png', b'01', b'01', 1),
(86, 'home', 'xxxxxxxxx', 'home.png', b'01', b'01', 1),
(87, 'sketboard', 'xxxxxx', 'sketboard.png', b'01', b'01', 1),
(88, 'train', 'xxxxxxxxxxxxxxxxxxxx', 'train.png', b'01', b'01', 1),
(89, 'van', 'xxxxxxx', 'van.png', b'01', b'01', 1),
(90, 'windself', 'xxxxxxxxx', 'windself.png', b'01', b'01', 1);

-- --------------------------------------------------------

--
-- โครงสร้างตาราง `gamesdes`
--

CREATE TABLE IF NOT EXISTS `gamesdes` (
  `games_des_id` int(11) NOT NULL AUTO_INCREMENT,
  `games_test_id` int(11) NOT NULL,
  `games_score` int(11) NOT NULL,
  `games_descrip` varchar(11) NOT NULL,
  PRIMARY KEY (`games_des_id`)
) ENGINE=InnoDB  DEFAULT CHARSET=utf8 AUTO_INCREMENT=67 ;

--
-- dump ตาราง `gamesdes`
--

INSERT INTO `gamesdes` (`games_des_id`, `games_test_id`, `games_score`, `games_descrip`) VALUES
(31, 4, 1, '9'),
(32, 4, 0, '1'),
(33, 4, 1, '2'),
(34, 4, 0, '3'),
(35, 4, 0, '5'),
(36, 4, 0, '8'),
(37, 4, 0, '10'),
(38, 4, 0, '6'),
(40, 5, 19, '-1'),
(41, 5, 0, '70'),
(42, 5, 0, '71'),
(43, 5, 0, '72'),
(44, 5, 0, '73'),
(45, 6, 1, '1'),
(46, 6, 1, '3'),
(47, 6, 1, '2'),
(48, 6, 1, '1'),
(50, 7, 9, '-1'),
(51, 7, 0, '70'),
(52, 7, 1, '71'),
(53, 7, 0, '72'),
(54, 7, 0, '73'),
(56, 8, 20, '-1'),
(57, 8, 1, '85'),
(58, 8, 1, '82'),
(59, 8, 1, '90'),
(60, 8, 1, '89'),
(62, 9, 11, '-1'),
(63, 9, 0, '90'),
(64, 9, 0, '89'),
(65, 9, 0, '82'),
(66, 9, 1, '85');

-- --------------------------------------------------------

--
-- โครงสร้างตาราง `gamesexamination`
--

CREATE TABLE IF NOT EXISTS `gamesexamination` (
  `games_exa_id` int(11) NOT NULL AUTO_INCREMENT,
  `games_types_id` int(11) NOT NULL,
  `games_types_lv` int(11) NOT NULL,
  `games_exa_status` int(11) NOT NULL,
  PRIMARY KEY (`games_exa_id`)
) ENGINE=InnoDB  DEFAULT CHARSET=utf8 AUTO_INCREMENT=19 ;

--
-- dump ตาราง `gamesexamination`
--

INSERT INTO `gamesexamination` (`games_exa_id`, `games_types_id`, `games_types_lv`, `games_exa_status`) VALUES
(1, 1, 1, 1),
(2, 1, 2, 1),
(3, 1, 3, 1),
(4, 1, 4, 1),
(5, 1, 5, 1),
(6, 1, 6, 1),
(7, 2, 1, 1),
(8, 2, 2, 1),
(9, 2, 3, 1),
(10, 2, 4, 1),
(11, 2, 5, 1),
(12, 2, 6, 1),
(13, 3, 1, 1),
(14, 3, 2, 1),
(15, 3, 3, 1),
(16, 3, 4, 1),
(17, 3, 5, 1),
(18, 3, 6, 1);

-- --------------------------------------------------------

--
-- โครงสร้างตาราง `gamesquiz`
--

CREATE TABLE IF NOT EXISTS `gamesquiz` (
  `games_quiz_id` int(11) NOT NULL AUTO_INCREMENT,
  `games_quiz_topic` varchar(500) NOT NULL,
  `games_quiz_sound` varchar(500) NOT NULL,
  `games_quiz_status` int(11) NOT NULL,
  `games_exa_id` int(11) NOT NULL,
  PRIMARY KEY (`games_quiz_id`)
) ENGINE=InnoDB  DEFAULT CHARSET=utf8 AUTO_INCREMENT=97 ;

--
-- dump ตาราง `gamesquiz`
--

INSERT INTO `gamesquiz` (`games_quiz_id`, `games_quiz_topic`, `games_quiz_sound`, `games_quiz_status`, `games_exa_id`) VALUES
(1, '1', 'bird', 1, 1),
(2, '2', 'hawk', 3, 1),
(3, '3', 'sheep', 2, 1),
(4, '4', 'lion', 1, 1),
(5, '1', 'monkey', 1, 2),
(6, '2', 'gorlilla', 2, 2),
(7, '3', 'cat', 4, 2),
(8, '4', 'chicken', 3, 2),
(9, '1', 'elephant', 1, 3),
(10, '2', 'cricket', 4, 3),
(11, '3', 'horse', 2, 3),
(12, '4', 'owl', 4, 3),
(13, '1', 'frog', 4, 4),
(14, '2', 'man', 2, 4),
(15, '3', 'woman', 3, 4),
(16, '4', 'rabbit', 4, 4),
(17, '1', 'duck', 3, 5),
(18, '2', 'gibbon', 3, 5),
(19, '3', 'dog', 1, 5),
(20, '4', 'cow', 4, 5),
(21, '1', 'violin', 1, 6),
(22, '2', 'monkey', 4, 6),
(23, '3', 'saxophone', 1, 6),
(24, '4', 'hawk', 2, 6),
(25, '1', 'gorlilla', 9, 7),
(26, '1', 'bird', 1, 7),
(27, '1', 'dog', 2, 7),
(28, '1', 'elephant', 3, 7),
(29, '2', 'hawk', 5, 7),
(30, '2', 'horse', 8, 7),
(31, '2', 'man', 10, 7),
(32, '2', 'lion', 6, 7),
(33, '1', 'monkey', 4, 8),
(34, '1', 'woman', 11, 8),
(35, '1', 'rabbit', 16, 8),
(36, '1', 'violin', 20, 8),
(37, '2', 'gibbon', 21, 8),
(38, '2', 'chicken', 26, 8),
(39, '2', 'cat', 28, 8),
(40, '2', 'cow', 30, 8),
(41, '1', 'duck', 31, 9),
(42, '1', 'owl', 32, 9),
(43, '1', 'frog', 33, 9),
(44, '1', 'cricket', 34, 9),
(45, '2', 'guitar', 36, 9),
(46, '2', 'trumpet', 38, 9),
(47, '2', 'tuba', 39, 9),
(48, '2', 'piano', 41, 9),
(49, '1', 'bird', 1, 10),
(50, '1', 'hawk', 5, 10),
(51, '1', 'chicken', 26, 10),
(52, '1', 'duck', 31, 10),
(53, '2', 'monkey', 4, 10),
(54, '2', 'gorlilla', 9, 10),
(55, '2', 'man', 10, 10),
(56, '2', 'gibbon', 21, 10),
(57, '1', 'microwave', 50, 11),
(58, '1', 'computer', 45, 11),
(59, '1', 'freeze', 42, 11),
(60, '1', 'pencilbox', 43, 11),
(61, '2', 'tablet', 61, 11),
(62, '2', 'tv', 62, 11),
(63, '2', 'shirth', 56, 11),
(64, '2', 'speaker', 60, 11),
(65, '1', 'microphone', 63, 12),
(66, '1', 'broom', 64, 12),
(67, '1', 'chair', 44, 12),
(68, '1', 'bike', 65, 12),
(69, '2', 'torch', 67, 12),
(70, '2', 'fan', 66, 12),
(71, '2', 'bag', 68, 12),
(72, '2', 'book', 69, 12),
(73, '2', 'nurse', 70, 13),
(74, '2', 'soldier', 71, 13),
(75, '2', 'doctor', 72, 13),
(76, '2', 'student', 73, 13),
(77, '2', 'farmer', 48, 14),
(78, '2', 'musician', 53, 14),
(79, '2', 'monk', 51, 14),
(80, '2', 'swimmer', 74, 14),
(81, '2', 'footballer', 75, 15),
(82, '2', 'singer', 58, 15),
(83, '2', 'boxing', 76, 15),
(84, '2', 'teacher', 77, 15),
(85, '2', 'boatunder', 81, 16),
(86, '2', 'car', 83, 16),
(87, '2', 'bike', 65, 16),
(88, '2', 'airport', 78, 16),
(89, '2', 'sketboard', 87, 17),
(90, '2', 'car10', 84, 17),
(91, '2', 'train', 88, 17),
(92, '2', 'home', 86, 17),
(93, '2', 'windself', 90, 18),
(94, '2', 'van', 89, 18),
(95, '2', 'boatwar', 82, 18),
(96, '2', 'crain', 85, 18);

-- --------------------------------------------------------

--
-- โครงสร้างตาราง `gamesquizjoin`
--

CREATE TABLE IF NOT EXISTS `gamesquizjoin` (
  `games_join_id` int(11) NOT NULL AUTO_INCREMENT,
  `games_quiz_id` int(11) NOT NULL,
  `games_choice_id` int(11) NOT NULL,
  PRIMARY KEY (`games_join_id`)
) ENGINE=InnoDB  DEFAULT CHARSET=utf8 AUTO_INCREMENT=169 ;

--
-- dump ตาราง `gamesquizjoin`
--

INSERT INTO `gamesquizjoin` (`games_join_id`, `games_quiz_id`, `games_choice_id`) VALUES
(1, 1, 1),
(2, 1, 2),
(3, 1, 22),
(4, 1, 23),
(5, 2, 3),
(6, 2, 4),
(7, 2, 5),
(8, 2, 24),
(9, 3, 6),
(10, 3, 7),
(11, 3, 9),
(12, 3, 14),
(13, 4, 6),
(14, 4, 15),
(15, 4, 16),
(16, 4, 17),
(17, 5, 4),
(18, 5, 17),
(19, 5, 18),
(20, 5, 25),
(21, 6, 8),
(22, 6, 9),
(23, 6, 15),
(24, 6, 16),
(25, 7, 7),
(26, 7, 11),
(27, 7, 28),
(28, 7, 29),
(29, 8, 5),
(30, 8, 1),
(31, 8, 26),
(32, 8, 31),
(33, 9, 3),
(34, 9, 6),
(35, 9, 9),
(36, 9, 17),
(37, 10, 25),
(38, 10, 32),
(39, 10, 26),
(40, 10, 34),
(41, 11, 4),
(42, 11, 8),
(43, 11, 14),
(44, 11, 27),
(45, 12, 3),
(46, 12, 7),
(47, 12, 36),
(48, 12, 32),
(49, 13, 16),
(50, 13, 18),
(51, 13, 27),
(52, 13, 33),
(53, 14, 9),
(54, 14, 10),
(55, 14, 14),
(56, 14, 22),
(57, 15, 4),
(58, 15, 7),
(59, 15, 11),
(60, 15, 21),
(61, 16, 3),
(62, 16, 6),
(63, 16, 8),
(64, 16, 16),
(65, 17, 1),
(66, 17, 5),
(67, 17, 31),
(68, 17, 33),
(69, 18, 10),
(70, 18, 14),
(71, 18, 21),
(72, 18, 23),
(73, 19, 2),
(74, 19, 6),
(75, 19, 15),
(76, 19, 18),
(77, 20, 3),
(78, 20, 19),
(79, 20, 29),
(80, 20, 30),
(81, 21, 20),
(82, 21, 35),
(83, 21, 36),
(84, 21, 37),
(85, 22, 10),
(86, 22, 9),
(87, 22, 21),
(88, 22, 4),
(89, 23, 12),
(90, 23, 38),
(91, 23, 39),
(92, 23, 40),
(93, 24, 1),
(94, 24, 5),
(95, 24, 31),
(96, 24, 32),
(97, 25, 9),
(98, 26, 1),
(99, 27, 2),
(100, 28, 3),
(101, 29, 5),
(102, 30, 8),
(103, 31, 10),
(104, 32, 6),
(105, 33, 4),
(106, 34, 11),
(107, 35, 16),
(108, 36, 20),
(109, 37, 21),
(110, 38, 26),
(111, 39, 28),
(112, 40, 30),
(113, 41, 31),
(114, 42, 32),
(115, 43, 33),
(116, 44, 34),
(117, 45, 36),
(118, 46, 38),
(119, 47, 39),
(120, 48, 41),
(121, 49, 1),
(122, 50, 5),
(123, 51, 26),
(124, 52, 31),
(125, 53, 4),
(126, 54, 9),
(127, 55, 10),
(128, 56, 21),
(129, 57, 50),
(130, 58, 45),
(131, 59, 42),
(132, 60, 43),
(133, 61, 61),
(134, 62, 62),
(135, 63, 56),
(136, 64, 60),
(137, 65, 63),
(138, 66, 64),
(139, 67, 44),
(140, 68, 65),
(141, 69, 67),
(142, 70, 66),
(143, 71, 68),
(144, 72, 69),
(145, 73, 70),
(146, 74, 71),
(147, 75, 72),
(148, 76, 73),
(149, 77, 48),
(150, 78, 53),
(151, 79, 51),
(152, 80, 74),
(153, 81, 75),
(154, 81, 58),
(155, 83, 76),
(156, 84, 77),
(157, 85, 81),
(158, 86, 83),
(159, 87, 65),
(160, 88, 78),
(161, 89, 87),
(162, 90, 84),
(163, 91, 88),
(164, 92, 86),
(165, 93, 90),
(166, 94, 89),
(167, 95, 82),
(168, 96, 85);

-- --------------------------------------------------------

--
-- โครงสร้างตาราง `gamestest`
--

CREATE TABLE IF NOT EXISTS `gamestest` (
  `games_test_id` int(11) NOT NULL AUTO_INCREMENT,
  `games_test_date` date NOT NULL,
  `games_exa_id` int(11) NOT NULL,
  `games_ch_id` int(11) NOT NULL,
  PRIMARY KEY (`games_test_id`)
) ENGINE=InnoDB  DEFAULT CHARSET=utf8 AUTO_INCREMENT=10 ;

--
-- dump ตาราง `gamestest`
--

INSERT INTO `gamestest` (`games_test_id`, `games_test_date`, `games_exa_id`, `games_ch_id`) VALUES
(4, '2014-11-19', 7, 1),
(5, '2014-11-19', 13, 1),
(6, '2014-11-19', 1, 1),
(7, '2014-11-19', 13, 7),
(8, '2014-11-19', 18, 7),
(9, '2014-11-19', 18, 7);

-- --------------------------------------------------------

--
-- โครงสร้างตาราง `gamestypes`
--

CREATE TABLE IF NOT EXISTS `gamestypes` (
  `games_types_id` int(11) NOT NULL AUTO_INCREMENT,
  `games_types_name` varchar(100) NOT NULL,
  PRIMARY KEY (`games_types_id`)
) ENGINE=InnoDB  DEFAULT CHARSET=utf8 AUTO_INCREMENT=4 ;

--
-- dump ตาราง `gamestypes`
--

INSERT INTO `gamestypes` (`games_types_id`, `games_types_name`) VALUES
(1, 'เกมส์ทายภาพจากเสียง'),
(2, 'เกมส์จับคู๋เสียงกับภาพ'),
(3, 'เกมส์ทำตามคำบอก');

/*!40101 SET CHARACTER_SET_CLIENT=@OLD_CHARACTER_SET_CLIENT */;
/*!40101 SET CHARACTER_SET_RESULTS=@OLD_CHARACTER_SET_RESULTS */;
/*!40101 SET COLLATION_CONNECTION=@OLD_COLLATION_CONNECTION */;
