-- phpMyAdmin SQL Dump
-- version 4.1.12
-- http://www.phpmyadmin.net
--
-- Host: 127.0.0.1
-- Generation Time: 
-- Server version: 5.6.16
-- PHP Version: 5.5.11

SET SQL_MODE = "NO_AUTO_VALUE_ON_ZERO";
SET time_zone = "+00:00";


/*!40101 SET @OLD_CHARACTER_SET_CLIENT=@@CHARACTER_SET_CLIENT */;
/*!40101 SET @OLD_CHARACTER_SET_RESULTS=@@CHARACTER_SET_RESULTS */;
/*!40101 SET @OLD_COLLATION_CONNECTION=@@COLLATION_CONNECTION */;
/*!40101 SET NAMES utf8 */;

--
-- Database: `games`
--

-- --------------------------------------------------------

--
-- โครงสร้างตาราง `account`
--

CREATE TABLE IF NOT EXISTS `account` (
  `acc_id` int(11) NOT NULL AUTO_INCREMENT,
  `acc_username` varchar(20) NOT NULL,
  `acc_password` varchar(40) NOT NULL,
  PRIMARY KEY (`acc_id`),
  UNIQUE KEY `acc_useername` (`acc_username`)
) ENGINE=InnoDB  DEFAULT CHARSET=utf8 AUTO_INCREMENT=2 ;

--
-- dump ตาราง `account`
--

INSERT INTO `account` (`acc_id`, `acc_username`, `acc_password`) VALUES
(1, 'admin', '81dc9bdb52d04dc20036dbd8313ed055');

-- --------------------------------------------------------

--
-- โครงสร้างตาราง `children`
--

CREATE TABLE IF NOT EXISTS `children` (
  `ch_id` int(11) NOT NULL AUTO_INCREMENT,
  `ch_prename` bit(2) NOT NULL,
  `ch_name` varchar(30) NOT NULL,
  `ch_lastname` varchar(30) NOT NULL,
  `ch_nickname` varchar(20) NOT NULL,
  `ch_age` int(11) NOT NULL,
  PRIMARY KEY (`ch_id`)
) ENGINE=InnoDB  DEFAULT CHARSET=utf8 AUTO_INCREMENT=8 ;

--
-- dump ตาราง `children`
--

INSERT INTO `children` (`ch_id`, `ch_prename`, `ch_name`, `ch_lastname`, `ch_nickname`, `ch_age`) VALUES
(1, b'01', 'บุญมี', 'อิ่มบุญจัง', 'ต้นข้าว', 8),
(6, b'01', 'สมปอง', 'ปองปอง', 'กล้า', 11),
(7, b'10', 'สมฤดี', 'สุขสกาว', 'ฟ้า', 10);

-- --------------------------------------------------------

--
-- โครงสร้างตาราง `gameschoice`
--

CREATE TABLE IF NOT EXISTS `gameschoice` (
  `games_choice_id` int(11) NOT NULL AUTO_INCREMENT,
  `games_choice_topic` varchar(100) NOT NULL,
  `games_choice_detail` varchar(500) NOT NULL,
  `games_choice_pics` varchar(500) NOT NULL,
  `games_choice_bool` bit(2) NOT NULL,
  `games_choice_status` bit(2) NOT NULL,
  `longsound` int(11) NOT NULL,
  PRIMARY KEY (`games_choice_id`)
) ENGINE=InnoDB  DEFAULT CHARSET=utf8 AUTO_INCREMENT=29 ;

--
-- dump ตาราง `gameschoice`
--

INSERT INTO `gameschoice` (`games_choice_id`, `games_choice_topic`, `games_choice_detail`, `games_choice_pics`, `games_choice_bool`, `games_choice_status`, `longsound`) VALUES
(1, 'นก (Bird)', 'นกมีความคล้ายคลึงกับไอฟิสสัตว์เลื้อยคลานหลายประการ เช่น โครงสร้างของกระดูกและกล้ามเนื้อ เกล็ดที่ขา การออกลูกเป็นไข่ และการเจริญเติบโตของตัวอ่อน จึงเชื่อกันว่านกในปัจจุบันถือกำเนิดมาจากสัตว์เลื้อยคลาน', 'bird.png', b'01', b'01', 3),
(2, 'หมา (Dog)', 'เป็นสัตว์เลี้ยงลูกด้วยน้ำนมหลายชนิดหลายสกุลในวงศ์ Canidae ออกลูกเป็นตัว ลำตัวมีขนปกคลุม มีเขี้ยว 2 คู่ เท้าหน้ามี 5 นิ้ว เท้าหลังมี 4 นิ้ว ซ่อนเล็บไม่ได้ อวัยวะเพศของสุนัขตัวผู้มีกระดูกอยู่ภายใน 1 ชิ้น', 'dog.png', b'01', b'01', 4),
(3, 'ช้าง (Elephant)', 'นสัตว์เลี้ยงลูกด้วยน้ำนมขนาดใหญ่ในวงศ์ Elephantidae โดยแบ่งเป็นสองสกุล ได้แก่ Elephas และ Loxodonta ช้างในปัจจุบันเหลือ 3 สปีชีส์ คือ ช้างแอฟริกา, ช้างป่าแอฟริกา และช้างเอเชีย (หรือที่รู้จักกันในชื่อ ช้างอินเดีย)', 'elephant.png', b'01', b'01', 0),
(4, 'ลิง (Monkey)', 'สัตว์ในไฟลัมสัตว์มีแกนสันหลัง ชั้นสัตว์เลี้ยงลูกด้วยนม จัดอยู่ในอันดับวานร (Primates) ลักษณะท่าทางคล้ายมนุษย์ ซึ่งจัดอยู่ในอันดับเดียวกัน เนื่องจากมีบรรพบุรุษร่วมกันมา ก่อนที่จะมีวิวัฒนาการแยกตัวออกจากกัน', 'monkey.png', b'01', b'01', 0),
(5, 'เหยี่ยว (Hawk)', 'เหยี่ยวมีลักษณะคล้ายกับอินทรี ซึ่งเป็นนกล่าเหยื่อเช่นเดียวกัน แต่เหยี่ยวมีขนาดเล็กกว่า คือมีจะงอยปากที่งองุ้ม มีกรงเล็บที่แหลมคมและแข็งแรง บินได้อย่างรวดเร็ว กางปีกได้กว้างและยาว สามารถบินหรือเหินได้สูง และมีสายตาที่ดีมาก ', 'hawk.png', b'01', b'01', 0),
(6, 'สิงโต (Lion)', 'จัดอยู่ในไฟลัมสัตว์มีกระดูกสันหลัง ชั้นสัตว์เลี้ยงลูกด้วยนม อยู่ในวงศ์ Felidae ซึ่งเป็นวงศ์เดียวกับแมว สิงโตมีชื่อวิทยาศาสตร์ว่า Panthera leo มีขนาดลำตัวใหญ่ ขนาดไล่เลี่ยกับเสือโคร่งทั่วไป', 'lion.png', b'01', b'01', 0),
(7, 'แกะ (Sheep)', 'สัตว์เคี้ยวเอื้อง กินอาหารประเภทพืชและหญ้าเป็นหลัก มีขนหนาฟู ออกลูกเป็นตัวและเลี้ยงลูกด้วยน้ำนม แกะบางพื้นที่กินดอกไม้และแมลงบางชนิด เช่น แกะภูเขา ส่วนใหญ่แกะจะอยู่รวมกันเป็นฝูงขนาดกลางจนถึงขนาดใหญ่', 'sheep.png', b'01', b'01', 0),
(8, 'ม้า (Horse)', 'กายวิภาคของม้าช่วยให้ม้าใช้ความเร็วในการหนีนักล่า และม้ายังพัฒนาความสมดุลได้อย่างยอดเยี่ยมและสัญชาตญาณสู้หรือถอยที่แข็งแกร่ง ม้ายังมีลักษณะพิเศษเพื่อใช้สำหรับหลบหลีกนักล่า คือ ม้าสามารถยืนหลับหรือล้มตัวลงนอนหลับก็ได้', 'horse.png', b'01', b'01', 0),
(9, 'กอริลล่า (Gorlilla)', 'เป็นเอปที่อยู่เป็นสังคม คือ เป็นฝูง แต่ทั้งฝูงจะมีจ่าฝูงเป็นตัวผู้ที่โตเต็มที่เพียงตัวเดียว กอริลลาตัวผู้ที่โตเต็มที่อาจมีความสูงกว่า 6 ฟุต (180 เซนติเมตร) เมื่อยืนตรงด้วยสองขาหลัง ร่างกายเต็มเปี่ยมด้วยกล้ามเนื้อที่มีความบึกบึนแข็งแรงมากกว่ามนุษย์ถึง 6 เท่า กอริลลาเมื่อตกใจหรือต้องการขู่ผู้รุกรานจะลุกขึ้นด้วยสองขาหลัง และทุบหน้าอกรัว ๆ ด้วยสองแขน พร้อมกับคำรามก้อง', 'gorlilla.png', b'01', b'01', 0),
(10, 'ผู้ชาย (Man)', 'มนุษย์เพศชาย ลักษณะเพศของมนุษย์ โดยสามารถแยกทางกายภาพ คือ มีอวัยวะเพศชาย เมื่อเติบโตมีลักษณะเป็นรูปร่างใหญ่กว่าผู้หญิง น้ำเสียงห้าว มีหนวดเครา', 'man.png', b'01', b'01', 0),
(11, 'ผู้หญิง (Woman)', 'มนุษย์เพศหญิง โดยมากมักใช้ในความหมายของผู้ใหญ่ แต่ก็มีความหมายถึงการระบุแยกแยะว่าเป็น มนุษย์เพศหญิง ไม่ว่าจะอายุเท่าไหร่', 'woman.png', b'01', b'01', 0),
(12, 'แซ็กโซโฟน (Saxophone)', 'เครื่องดนตรีในตระกูลเครื่องลมไม้ ใช้ลิ้นเดี่ยวเหมือนของคลาริเนต แม้ว่าตัวเครื่องมักจะทำด้วยโลหะแต่สุ้มเสียงก็กระเดียดมาทางเครื่องลมไม้ แซกโซโฟนจึงได้รับฉายาว่า "คลาริเนตทองเหลือง" ', 'sax.png', b'01', b'01', 0),
(13, 'แสนร์ (Snare)', 'กลองสะแนร์ เป็นเครื่องดนตรีประเภทเครื่องตีกระทบ(percussion) มี 2 หน้า ขึงด้วยหนังกลอง ลักษณะเฉพาะ คือ หน้ากลองด้านล่างจะต้องคาดไว้ด้วยสายสะแนร์เป็นแผงเพื่อให้กระทบกับหนังกลองด้านล่าง เกิดเสียงซ่าๆ เดิมสายสะแนร์ทำด้วยเอ็นสัตว์ ในปัจจุบันสายสะแนร์มีทั้งที่ทำด้วยไนล่อนและทำด้วยเส้นลวดโลหะ อีกชื่อหนึ่งของกลองสะแนร์คือ Side drum', 'snare.png', b'01', b'01', 0),
(14, 'จิงโจ้ (Kangaroo)', 'จัดอยู่ในไฟลัมสัตว์มีแกนสันหลัง ชั้นสัตว์เลี้ยงลูกด้วยนมประเภทสัตว์มีกระเป๋าหน้าท้องในตัวเมียสำหรับแพร่ขยายพันธุ์และเป็นที่อยู่อาศัยของลูกอ่อน นับเป็นสัตว์ในประเภทนี้ที่มีขนาดใหญ่ และเป็นสัตว์ประจำท้องถิ่นของออสเตรเลีย', 'kangaroo.png', b'01', b'01', 0),
(15, 'มด (Ant)', 'เป็นสัตว์ในวงศ์ Formicidae อันดับ Hymenoptera มีจำนวนชนิดมากกว่า 12,000 ชนิด โดยพบมากในเขตร้อนของโลก มดมีการสร้างรังเป็นอาณาจักรขนาดใหญ่ บางรังมีจำนวนประชากรมากถึงล้านตัว ', 'ant.png', b'01', b'01', 0),
(16, 'กระต่าย (Rabbit)', 'กระต่ายแม้จะมีฟันแทะเหมือนกับสัตว์ฟันแทะ (Rodentia) แต่ถูกจัดออกมาเป็นอันดับต่างหาก เนื่องมีจำนวนฟันที่ไม่เท่ากัน เพราะกระต่ายมีฟันแทะที่ขากรรไกรบน 2 แถว เรียงซ้อนกันแถวละ 2 ซี่ ฟันกรามบนข้างละ 6 ซี่ และฟันกรามล่างข้างละ 5 ซี่ เมื่อเวลาเคี้ยวอาหาร กระต่ายจะใช้ฟันทั้ง 2 ด้านเคี้ยวสลับกันไป ต่างจากสัตว์ฟันแทะโดยทั่วไปที่เคี้ยวเคลื่อนหน้าเคลื่อนหลัง', 'rabbit.png', b'01', b'01', 0),
(17, 'กวาง (Deer)', 'มีลักษณะขนยาวหยาบสีน้ำตาล ตัวผู้มีเขาเป็นแขนง ผลัดเขาปีละครั้ง ตัวเมียมีขนาดเล็กกว่าและไม่มีเขา ลักษณะเขาตัน ไม่กลวง เป็นเกลียว บางชนิดอาจแตกแขนงได้มากเหมือนกิ่งไม้ ไม่มีถุงน้ำดี ชอบอยู่ตามลำพังตัวเดียวยกเว้นฤดูผสมพันธุ์ กินใบไม้อ่อน หญ้าอ่อน', 'deer.png', b'01', b'01', 0),
(18, 'อูฐ (Camel)', 'สัตว์ที่มีความอดทนสูง สามารถอาศัยอยู่ได้โดยไม่ต้องกินอาหารหรือน้ำเลย 2 สัปดาห์ เพราะมีไขมันสะสมไว้ในหนอกและร่างกายเก็บรักษาน้ำได้เป็นอย่างดี จึงสามารถอยู่ในที่ทุรกันดารเช่นทะเลทรายได้เป็นอย่างดี กินอาหารประเภทใบไม้ในทะเลทราย', 'camel.png', b'01', b'01', 0),
(19, 'ค้างคาว (Bat)', 'จัดอยู่ในชั้นสัตว์เลี้ยงลูกด้วยนม มีลำตัวขนาดเล็กมีปีกบินได้ ค้างคาวเป็นอันดับใหญ่ที่สุดเป็นอันดับสองของสัตว์เลี้ยงลูกด้วยนม โดยมีค้างคาวกว่า 1,100 สปีชีส์ หมายความว่า กว่า 20% ของสัตว์เลี้ยงลูกด้วยนมเป็นค้างคาว', 'bat.png', b'01', b'01', 0),
(20, 'ไวโอลิน (Violin)', 'เป็นเครื่องดนตรีที่ทำให้เกิดเสียงระดับเสียงสูงในกลุ่มเครื่องดนตรีคลาสสิกประเภทเครื่องสาย (String instruments) ซึ่งมีต้นกำเนิดมาจากโลกตะวันตก เป็นเครื่องดนตรีตระกูลไวโอลินที่เล็กที่สุด', 'violin.png', b'01', b'01', 0),
(21, 'ชะนี (Gibbon)', 'จัดอยู่ในไฟลัมสัตว์มีแกนสันหลัง ชั้นสัตว์เลี้ยงลูกด้วยนม อันดับวานร (Primates) เป็นลิงไม่มีหาง ซึ่งชะนีถูกจัดให้อยู่ในวงศ์ Hylobatidae และถูกจัดให้เป็น 1 ใน 4 ลิงที่มีความใกล้เคียงกับมนุษย์มากที่สุด', 'gibbon.png', b'01', b'01', 0),
(22, 'งู (Snake)', 'เป็นสัตว์เลื้อยคลานอันดับหนึ่ง ไม่มีขา ไม่มีเปลือกตา มีเกล็ดปกคลุมผิวหนังทั่วทั้งลำตัว ลักษณะลำตัวยาวซึ่งโดยขนาดของความยาวนั้น จะขึ้นอยู่กับชนิดของงู ปราดเปรียวและว่องไวในการเคลื่อนที่ มีลิ้นสองแฉกเพื่อใช้สำหรับรับความรู้สึกทางกลิ่น ', 'snake.png', b'01', b'01', 3),
(23, 'หมี (Bear)', 'จัดอยู่ในไฟลัมสัตว์มีแกนสันหลัง ชั้นสัตว์เลี้ยงลูกด้วยนม อันดับสัตว์กินเนื้อ จัดอยู่ในวงศ์ Ursidae ออกลูกเป็นตัว ตาและใบหูกลมเล็ก ริมฝีปากยื่นแยกห่างออกจากเหงือก สามารถยืนและเดินด้วยขาหลังได้ ประสาทการดมกลิ่นดีกว่าประสาทตาและหู กินได้ทั้งพืชและสัตว์เป็นอาหาร', 'bear.png', b'01', b'01', 4),
(24, 'กระรอก (Squirrel)', 'เป็นสัตว์เลี้ยงลูกด้วยนม มีขนาดลำตัวเล็ก ขนปุยปกคลุมทั่วทั้งร่างกาย นัยน์ตากลมดำ หางเป็นพวงฟู จัดอยู่ในประเภทสัตว์ฟันแทะ ', 'squirrel.png', b'01', b'01', 0),
(25, 'ผึ้ง (Bee)', 'จัดอยู่ในประเภทสัตว์ไม่มีกระดูกสันหลัง ไฟลัมอาร์โธรพอด จัดเป็นแมลงชนิดหนึ่งอาศัยรวมกันอยู่เป็นฝูง โดยส่วนใหญ่จะออกหาอาหารเป็นน้ำหวานจากเกสรของดอกไม้ ซึ่งเป็นประโยชน์ต่อพืชในการผสมพันธุ์ ผึ้งทำงานกันเป็นระบบ มีผึ้งนางพญาเป็นหัวหน้าใหญ่', 'bee.png', b'01', b'01', 0),
(26, 'ไก่ (Chicken)', 'ดอยู่ในประเภทสัตว์ปีกจำพวกนก ชื่อวิทยาศาสตร์ Gallus gallus มีหลายวงศ์ บินได้ในระยะสั้น หากินตามพื้นดิน ตกไข่ก่อนแล้วจึงฟักเป็นตัว ตัวผู้หงอนใหญ่และเดือยยาว', 'chicken.png', b'01', b'01', 0),
(27, 'หนู (Rat)', 'เป็นสกุลของสัตว์ฟันแทะ ที่อยู่ในวงศ์ Muridae ใช้ชื่อสกุลว่า Rattus มีการกระจายพันธุ์อยู่ในซีกโลกที่เรียกว่า "โลกเก่า"', 'rat.png', b'01', b'01', 0),
(28, 'แมว (Cat)', ' เป็นสัตว์เลี้ยงลูกด้วยน้ำนม อยู่ในตระกูล Felidae ซึ่งเป็นตระกูลเดียวกับสิงโตและเสือดาว ต้นตระกูลแมวมาจากเสือไซบีเรีย (Felis tigris altaica) ซึ่งมีช่วงลำตัวตั้งแต่จมูกถึงปลายหางยาวประมาณ 4 เมตร ', 'cat.png', b'01', b'01', 0);

-- --------------------------------------------------------

--
-- โครงสร้างตาราง `gamesdes`
--

CREATE TABLE IF NOT EXISTS `gamesdes` (
  `games_des_id` int(11) NOT NULL AUTO_INCREMENT,
  `games_test_id` int(11) NOT NULL,
  `games_score` int(11) NOT NULL,
  `games_descrip` varchar(11) NOT NULL,
  PRIMARY KEY (`games_des_id`)
) ENGINE=InnoDB  DEFAULT CHARSET=utf8 AUTO_INCREMENT=75 ;

--
-- dump ตาราง `gamesdes`
--

INSERT INTO `gamesdes` (`games_des_id`, `games_test_id`, `games_score`, `games_descrip`) VALUES
(33, 2, 1, '1'),
(34, 2, 1, '3'),
(35, 2, 0, '1'),
(36, 2, 1, '3'),
(70, 3, 1, '1'),
(71, 3, 1, '3'),
(72, 3, 1, '2'),
(73, 3, 1, '1');

-- --------------------------------------------------------

--
-- โครงสร้างตาราง `gamesexamination`
--

CREATE TABLE IF NOT EXISTS `gamesexamination` (
  `games_exa_id` int(11) NOT NULL AUTO_INCREMENT,
  `games_types_id` int(11) NOT NULL,
  `games_types_lv` int(11) NOT NULL,
  `games_exa_status` int(11) NOT NULL,
  PRIMARY KEY (`games_exa_id`)
) ENGINE=InnoDB  DEFAULT CHARSET=utf8 AUTO_INCREMENT=19 ;

--
-- dump ตาราง `gamesexamination`
--

INSERT INTO `gamesexamination` (`games_exa_id`, `games_types_id`, `games_types_lv`, `games_exa_status`) VALUES
(1, 1, 1, 1),
(2, 1, 2, 1),
(3, 1, 3, 1),
(4, 1, 4, 1),
(5, 1, 5, 1),
(6, 1, 6, 1),
(7, 2, 1, 1),
(8, 2, 2, 1),
(9, 2, 3, 1),
(10, 2, 4, 1),
(11, 2, 5, 1),
(12, 2, 6, 1),
(13, 3, 1, 1),
(14, 3, 2, 1),
(15, 3, 3, 1),
(16, 3, 4, 1),
(17, 3, 5, 1),
(18, 3, 6, 1);

-- --------------------------------------------------------

--
-- โครงสร้างตาราง `gamesquiz`
--

CREATE TABLE IF NOT EXISTS `gamesquiz` (
  `games_quiz_id` int(11) NOT NULL AUTO_INCREMENT,
  `games_quiz_topic` varchar(500) NOT NULL,
  `games_quiz_sound` varchar(500) NOT NULL,
  `games_quiz_status` int(11) NOT NULL,
  `games_exa_id` int(11) NOT NULL,
  PRIMARY KEY (`games_quiz_id`)
) ENGINE=InnoDB  DEFAULT CHARSET=utf8 AUTO_INCREMENT=29 ;

--
-- dump ตาราง `gamesquiz`
--

INSERT INTO `gamesquiz` (`games_quiz_id`, `games_quiz_topic`, `games_quiz_sound`, `games_quiz_status`, `games_exa_id`) VALUES
(1, '1', 'bird', 1, 1),
(2, '2', 'hawk', 3, 1),
(3, '3', 'sheep', 2, 1),
(4, '4', 'lion', 1, 1),
(5, '1', 'monkey', 1, 2),
(6, '2', 'gorlilla', 2, 2),
(7, '3', 'cat', 4, 2),
(8, '4', 'chicken', 3, 2),
(9, '1', '1', 1, 1),
(10, '1', '1', 1, 1),
(11, '1', '1', 1, 1),
(12, '1', '1', 1, 1),
(13, '1', '1', 1, 1),
(14, '1', '1', 1, 1),
(17, '1', '1', 1, 1),
(18, '1', '1', 1, 1),
(19, '1', '1', 1, 1),
(20, '1', '1', 1, 1),
(21, '1', '1', 1, 1),
(22, '1', '1', 1, 1),
(23, '1', '1', 1, 1),
(24, '1', '1', 1, 1),
(25, '1', 'gorlilla', 9, 7),
(26, '1', 'bird', 1, 7),
(27, '1', 'dog', 2, 7),
(28, '1', 'elephant', 3, 7);

-- --------------------------------------------------------

--
-- โครงสร้างตาราง `gamesquizjoin`
--

CREATE TABLE IF NOT EXISTS `gamesquizjoin` (
  `games_join_id` int(11) NOT NULL AUTO_INCREMENT,
  `games_quiz_id` int(11) NOT NULL,
  `games_choice_id` int(11) NOT NULL,
  PRIMARY KEY (`games_join_id`)
) ENGINE=InnoDB  DEFAULT CHARSET=utf8 AUTO_INCREMENT=101 ;

--
-- dump ตาราง `gamesquizjoin`
--

INSERT INTO `gamesquizjoin` (`games_join_id`, `games_quiz_id`, `games_choice_id`) VALUES
(1, 1, 1),
(2, 1, 2),
(3, 1, 22),
(4, 1, 23),
(5, 2, 3),
(6, 2, 4),
(7, 2, 5),
(8, 2, 24),
(9, 3, 6),
(10, 3, 7),
(11, 3, 9),
(12, 3, 14),
(13, 4, 6),
(14, 4, 15),
(15, 4, 16),
(16, 4, 17),
(17, 99, 1),
(18, 99, 1),
(19, 99, 1),
(20, 99, 1),
(21, 99, 1),
(22, 99, 1),
(23, 99, 1),
(24, 99, 1),
(25, 99, 1),
(26, 99, 1),
(27, 99, 1),
(28, 99, 1),
(29, 99, 1),
(30, 99, 1),
(31, 99, 1),
(32, 99, 1),
(33, 99, 1),
(34, 99, 1),
(35, 99, 1),
(36, 99, 1),
(37, 99, 1),
(38, 99, 1),
(39, 99, 1),
(40, 99, 1),
(41, 99, 1),
(42, 99, 1),
(43, 99, 1),
(44, 99, 1),
(45, 99, 1),
(46, 99, 1),
(47, 99, 1),
(48, 99, 1),
(49, 99, 1),
(50, 99, 1),
(51, 99, 1),
(52, 99, 1),
(53, 99, 1),
(54, 99, 1),
(55, 99, 1),
(56, 99, 1),
(57, 99, 1),
(58, 99, 1),
(59, 99, 1),
(60, 99, 1),
(61, 99, 1),
(62, 99, 1),
(63, 99, 1),
(64, 99, 1),
(65, 99, 1),
(66, 99, 1),
(67, 99, 1),
(68, 99, 1),
(69, 99, 1),
(70, 99, 1),
(71, 99, 1),
(72, 99, 1),
(73, 99, 1),
(74, 99, 1),
(75, 99, 1),
(76, 99, 1),
(77, 99, 1),
(78, 99, 1),
(79, 99, 1),
(80, 99, 1),
(81, 99, 1),
(82, 99, 1),
(83, 99, 1),
(84, 99, 1),
(85, 99, 1),
(86, 99, 1),
(87, 99, 1),
(88, 99, 1),
(89, 99, 1),
(90, 99, 1),
(91, 99, 1),
(92, 99, 1),
(93, 99, 1),
(94, 99, 1),
(95, 99, 1),
(96, 99, 1),
(97, 25, 9),
(98, 26, 1),
(99, 27, 2),
(100, 28, 3);

-- --------------------------------------------------------

--
-- โครงสร้างตาราง `gamestest`
--

CREATE TABLE IF NOT EXISTS `gamestest` (
  `games_test_id` int(11) NOT NULL AUTO_INCREMENT,
  `games_test_date` date NOT NULL,
  `games_exa_id` int(11) NOT NULL,
  `games_ch_id` int(11) NOT NULL,
  PRIMARY KEY (`games_test_id`)
) ENGINE=InnoDB  DEFAULT CHARSET=utf8 AUTO_INCREMENT=4 ;

--
-- dump ตาราง `gamestest`
--

INSERT INTO `gamestest` (`games_test_id`, `games_test_date`, `games_exa_id`, `games_ch_id`) VALUES
(2, '2014-10-25', 1, 1),
(3, '2014-10-26', 1, 1);

-- --------------------------------------------------------

--
-- โครงสร้างตาราง `gamestypes`
--

CREATE TABLE IF NOT EXISTS `gamestypes` (
  `games_types_id` int(11) NOT NULL AUTO_INCREMENT,
  `games_types_name` varchar(100) NOT NULL,
  PRIMARY KEY (`games_types_id`)
) ENGINE=InnoDB  DEFAULT CHARSET=utf8 AUTO_INCREMENT=4 ;

--
-- dump ตาราง `gamestypes`
--

INSERT INTO `gamestypes` (`games_types_id`, `games_types_name`) VALUES
(1, 'เกมส์ทายภาพจากเสียง'),
(2, 'เกมส์จับคู๋เสียงกับภาพ'),
(3, 'เกมส์ทดสอบการตอบสนอง');

/*!40101 SET CHARACTER_SET_CLIENT=@OLD_CHARACTER_SET_CLIENT */;
/*!40101 SET CHARACTER_SET_RESULTS=@OLD_CHARACTER_SET_RESULTS */;
/*!40101 SET COLLATION_CONNECTION=@OLD_COLLATION_CONNECTION */;
